{
  "presets": {
    "momotalk_invite": {
      "label": "MomoTalk 邀请卷",
      "avatar_box": {
        "x1": 0.337456389577349,
        "y1": 0.28301864285006473,
        "x2": 0.36149319606955826,
        "y2": 0.32965631013178287
      },
      "name_box": {
        "x1": 0.37933585924140933,
        "y1": 0.2749430289208134,
        "x2": 0.49866462101253334,
        "y2": 0.31054429474359824
      },
      "grid": {
        "dx": 0,
        "dy": 0.1066,
        "cols": 1,
        "rows": 3
      },
      "ocr_keywords": [
        "邀請",
        "邀请",
        "MomoTalk"
      ]
    },
    "cafe_invite": {
      "label": "咖啡厅邀请学生",
      "avatar_box": {
        "x1": 0.05,
        "y1": 0.2,
        "x2": 0.15,
        "y2": 0.3
      },
      "name_box": {
        "x1": 0.16,
        "y1": 0.22,
        "x2": 0.28,
        "y2": 0.28
      },
      "grid": {
        "dx": 0,
        "dy": 0.1,
        "cols": 1,
        "rows": 5
      },
      "ocr_keywords": [
        "邀請",
        "邀请",
        "咖啡"
      ]
    }
  },
  "active_preset": "momotalk_invite"
}